N,B,K,C,actual_N,D,nqs_loss,nn_loss,type,chin_loss,split,nqs_huber_loss,chin_huber_loss
250000,865,6368,920000,217472.0,705064960,4.065728754510561,4.1438822746276855,isoflop,4.192523874470152,train,1.8540093587122442e-05,1.1169813344203251e-05
250000,865,6368,920000,217472.0,705064960,4.065728754510561,4.1438822746276855,isoflop,4.192523874470152,train,1.8540093587122442e-05,1.1169813344203251e-05
500000,610,4055,920000,484096.0,316614400,3.860857780199761,3.869227886199951,isoflop,3.8683677570144384,train,1.6655928879920072e-06,2.471412887466968e-08
500000,610,4055,920000,484096.0,316614400,3.860857780199761,3.869227886199951,isoflop,3.8683677570144384,train,1.6655928879920072e-06,2.471412887466968e-08
1000000,463,2838,920000,911712.0,168191232,3.6996873096734433,3.675530910491944,isoflop,3.70697165055497,train,6.050717509204329e-06,8.01768892485083e-06
1000000,463,2838,920000,911712.0,168191232,3.6996873096734433,3.675530910491944,isoflop,3.70697165055497,train,6.050717509204329e-06,8.01768892485083e-06
1000000,848,6201,3680000,911712.0,673081344,3.56469611503175,3.5142624378204346,isoflop,3.5080529966374434,train,1.3749138531063909e-05,1.2684887155267059e-06
1000000,848,6201,3680000,911712.0,673081344,3.56469611503175,3.5142624378204346,isoflop,3.5080529966374434,train,1.3749138531063909e-05,1.2684887155267059e-06
2000000,316,1724,920000,2197440.0,69732352,3.618452170479783,3.616412401199341,isoflop,3.6154981529382,train,1.5897590295380317e-07,3.196334292215991e-08
2000000,316,1724,920000,2197440.0,69732352,3.618452170479783,3.616412401199341,isoflop,3.6154981529382,train,1.5897590295380317e-07,3.196334292215991e-08
2000000,578,3772,3680000,2197440.0,279067648,3.4229291164724147,3.330634832382202,isoflop,3.329460873421876,train,2.683372514309651e-05,6.214052161996977e-08
2000000,578,3772,3680000,2197440.0,279067648,3.4229291164724147,3.330634832382202,isoflop,3.329460873421876,train,2.683372514309651e-05,6.214052161996977e-08
2000000,1056,8246,14700000,2197440.0,1114595328,3.311836257506533,3.190852642059326,isoflop,3.1682115006910365,train,3.671462914795004e-05,6.6209336887614325e-06
2000000,1056,8246,14700000,2197440.0,1114595328,3.311836257506533,3.190852642059326,isoflop,3.1682115006910365,train,3.671462914795004e-05,6.6209336887614325e-06
2000000,1934,18074,59000000,2197440.0,4474254848,3.2738576074754526,3.1012086868286133,isoflop,3.076891044867474,train,5.3677051612501085e-05,7.372248297078554e-06
4000000,234,1171,920000,4369568.0,35073792,3.569786660511661,3.6576504707336426,isoflop,3.6533963726602647,train,2.3815158343932053e-05,6.637453964155054e-07
4000000,234,1171,920000,4369568.0,35073792,3.569786660511661,3.6576504707336426,isoflop,3.6533963726602647,train,2.3815158343932053e-05,6.637453964155054e-07
4000000,428,2563,3680000,4369568.0,140411392,3.3145407031730203,3.27344274520874,isoflop,3.273537696798542,train,1.1976804603535952e-05,4.2068050825326776e-10
4000000,428,2563,3680000,4369568.0,140411392,3.3145407031730203,3.27344274520874,isoflop,3.273537696798542,train,1.1976804603535952e-05,4.2068050825326776e-10
4000000,783,5594,14700000,4369568.0,560653056,3.1548489607779127,3.0600175857543945,isoflop,3.0594958782897628,train,3.001995895034265e-05,1.4536180592010492e-08
4000000,783,5594,14700000,4369568.0,560653056,3.1548489607779127,3.0600175857543945,isoflop,3.0594958782897628,train,3.001995895034265e-05,1.4536180592010492e-08
4000000,1434,12258,59000000,4369568.0,2249980416,3.075259570814984,2.9406659603118896,isoflop,2.938264476053034,train,4.425323815669663e-05,3.3372818757069263e-07
8000000,183,847,920000,7723008.0,19840128,3.581242502886992,3.763655185699463,isoflop,3.7641389177453695,train,4.918080100762662e-05,8.258558532859354e-09
8000000,183,847,920000,7723008.0,19840128,3.581242502886992,3.763655185699463,isoflop,3.7641389177453695,train,4.918080100762662e-05,8.258558532859354e-09
8000000,334,1856,3680000,7723008.0,79347712,3.249315332847405,3.3205113410949707,isoflop,3.2838862796850994,train,2.1174482138788198e-05,1.059122707799881e-05
8000000,334,1856,3680000,7723008.0,79347712,3.249315332847405,3.3205113410949707,isoflop,3.2838862796850994,train,2.1174482138788198e-05,1.059122707799881e-05
8000000,611,4057,14700000,7723008.0,317289856,3.03421365278204,3.011070251464844,isoflop,3.012810717106404,train,7.156717120132716e-06,1.6695835811043037e-07
8000000,611,4057,14700000,7723008.0,317289856,3.03421365278204,3.011070251464844,isoflop,3.012810717106404,train,7.156717120132716e-06,1.6695835811043037e-07
8000000,1119,8890,59000000,7723008.0,1273332480,2.910234885345392,2.840320348739624,isoflop,2.859486605080769,train,2.3816949875744508e-05,6.225255341343272e-06
8000000,2046,19444,236000000,7723008.0,5092150272,2.8589713345768395,2.747063398361206,isoflop,2.773221394169088,mid,3.942940093537522e-05,8.977116697420796e-06
16000000,134,565,920000,15877200.0,9690880,3.758825803956311,3.893961191177368,isoflop,4.019343268033785,train,3.482031813890546e-05,3.119158253708204e-05
16000000,134,565,920000,15877200.0,9690880,3.758825803956311,3.893961191177368,isoflop,4.019343268033785,train,3.482031813890546e-05,3.119158253708204e-05
16000000,244,1237,3680000,15877200.0,38633984,3.3017703285969624,3.373067617416382,isoflop,3.3750220027347924,train,2.086381470943882e-05,1.677601166629106e-07
16000000,244,1237,3680000,15877200.0,38633984,3.3017703285969624,3.373067617416382,isoflop,3.3750220027347924,train,2.086381470943882e-05,1.677601166629106e-07
16000000,446,2705,14700000,15877200.0,154423040,2.9966979696359086,3.008141040802002,isoflop,3.010319264750954,train,3.311287862324209e-06,2.619776788537956e-07
16000000,446,2705,14700000,15877200.0,154423040,2.9966979696359086,3.008141040802002,isoflop,3.010319264750954,train,3.311287862324209e-06,2.619776788537956e-07
16000000,818,5918,59000000,15877200.0,619638272,2.8054915586336966,2.7724592685699463,isoflop,2.8039727383262725,train,1.1344018434635561e-05,1.0802497795895761e-05
16000000,1495,12943,236000000,15877200.0,2476772480,2.7052713710480987,2.638253927230835,isoflop,2.6878905698093947,mid,2.458492213847635e-05,1.8139404053680363e-05
16000000,2734,28318,944000000,15877200.0,9909940736,2.666869143623181,2.562262296676636,isoflop,2.622312875178536,mid,3.951460109866062e-05,2.266612725113365e-05
32000000,185,862,3680000,29987232.0,20412160,3.4494989174332407,3.523257255554199,isoflop,3.5390419947125222,train,2.0656939251948614e-05,3.970149135140877e-06
32000000,185,862,3680000,29987232.0,20412160,3.4494989174332407,3.523257255554199,isoflop,3.5390419947125222,train,2.0656939251948614e-05,3.970149135140877e-06
32000000,338,1886,14700000,29987232.0,81595904,3.0360879613438634,3.058268547058105,isoflop,3.0645109880583146,train,6.77908963657553e-06,1.5390880081015973e-06
32000000,338,1886,14700000,29987232.0,81595904,3.0360879613438634,3.058268547058105,isoflop,3.0645109880583146,train,6.77908963657553e-06,1.5390880081015973e-06
32000000,620,4135,59000000,29987232.0,328153600,2.7609075434561188,2.767575263977051,isoflop,2.7957222155650205,train,1.9121351141475065e-06,9.618887893149075e-06
32000000,1133,9042,236000000,29987232.0,1311307008,2.59618030498763,2.582885265350342,isoflop,2.6448579909664405,mid,4.634157372988834e-06,2.321028027034061e-05
32000000,2073,19776,944000000,29987232.0,5247442944,2.518136342781175,2.475144624710083,isoflop,2.559602480951082,mid,1.672025286876283e-05,3.305313701592677e-05
32000000,3793,43278,3780000000,29987232.0,21011642112,2.492223555771912,2.39976167678833,isoflop,2.5114721715962647,test,3.730587519533818e-05,4.49996726698822e-05
64000000,133,565,3680000,63790848.0,9618560,3.757662898662619,3.820277452468872,isoflop,3.851745949536168,train,1.602585687452435e-05,7.703487371366779e-06
64000000,133,565,3680000,63790848.0,9618560,3.757662898662619,3.820277452468872,isoflop,3.851745949536168,train,1.602585687452435e-05,7.703487371366779e-06
64000000,244,1232,14700000,63790848.0,38477824,3.210940779511377,3.2212471961975098,isoflop,3.2042387880472964,train,2.7046406433980933e-06,4.7940580421545475e-06
64000000,244,1232,14700000,63790848.0,38477824,3.210940779511377,3.2212471961975098,isoflop,3.2042387880472964,train,2.7046406433980933e-06,4.7940580421545475e-06
64000000,446,2699,59000000,63790848.0,154080512,2.826392589659126,2.8363614082336426,isoflop,2.838568712070198,train,3.020841228943361e-06,3.025751376620585e-07
64000000,816,5903,236000000,63790848.0,616556544,2.5705479217316416,2.570287704467773,isoflop,2.6323376798023173,mid,5.1243026581800914e-09,2.3354463125619228e-05
64000000,1492,12918,944000000,63790848.0,2467027968,2.4214129210571294,2.410891532897949,isoflop,2.5159515645539656,mid,3.854611711881784e-06,4.215447792256438e-05
64000000,2730,28263,3780000000,63790848.0,9876222720,2.353737527069764,2.3070130348205566,isoflop,2.450248395281006,test,1.9550872508493912e-05,5.973577595349061e-05
64000000,4990,61766,15100000000,63790848.0,39451179520,2.3344580633389374,2.2394676208496094,isoflop,2.4132178177501467,test,4.104160303913168e-05,7.422288265521265e-05
64000000,9134,135200,60500000000,63790848.0,158069350400,2.331942618137829,2.207321882247925,isoflop,2.3922700745305514,test,5.4421699200971894e-05,7.996277443010685e-05
128000000,184,860,14700000,121123072.0,20254720,3.4452261325674973,3.493612289428711,isoflop,3.40141894115788,train,1.3446697766038518e-05,2.6243560684242774e-05
128000000,184,860,14700000,121123072.0,20254720,3.4452261325674973,3.493612289428711,isoflop,3.40141894115788,train,1.3446697766038518e-05,2.6243560684242774e-05
128000000,338,1878,59000000,121123072.0,81249792,2.960169782254669,2.958954095840454,isoflop,2.924481043754615,train,8.436421623044331e-08,1.12188158904451e-05
128000000,617,4110,236000000,121123072.0,324591360,2.6168089260173053,2.6198623180389404,isoflop,2.6561762386980114,mid,6.66157746157026e-07,1.3265818318906553e-05
128000000,1128,8993,944000000,121123072.0,1298445312,2.3858651612262305,2.3970651626586914,isoflop,2.504545395339768,mid,4.183330571583543e-06,4.336209898936955e-05
128000000,2065,19674,3780000000,121123072.0,5200231680,2.2567293836117304,2.2616961002349854,isoflop,2.4189050473759104,test,1.6984289179463047e-06,6.669995937635704e-05
128000000,3775,43003,15100000000,121123072.0,20779049600,2.202559525331555,2.160145998001098,isoflop,2.370649000985725,test,1.89442936411926e-05,9.248794665901922e-05
128000000,6909,94137,60500000000,121123072.0,83250244224,2.1898413619506245,2.1008901596069336,isoflop,2.3433600555295984,test,4.0967963296823117e-05,0.00010872468014474118
256000000,134,564,14700000,252798416.0,9673728,3.783396630213512,3.829614400863648,isoflop,3.7384324937753135,train,1.1641933926181903e-05,2.359771523846227e-05
256000000,134,564,14700000,252798416.0,9673728,3.783396630213512,3.829614400863648,isoflop,3.7384324937753135,train,1.1641933926181903e-05,2.359771523846227e-05
256000000,245,1242,59000000,252798416.0,38949120,3.193930785633519,3.295794010162353,isoflop,3.0902251174879174,train,3.089473374043167e-05,6.390317136552664e-05
256000000,448,2713,236000000,252798416.0,155574272,2.760476708069445,2.78518295288086,isoflop,2.726878056080411,mid,8.410178329260886e-06,2.0656177837533762e-05
256000000,819,5940,944000000,252798416.0,622702080,2.445376839132265,2.441052198410034,isoflop,2.521436562555962,mid,1.2700622758008988e-06,3.1899628395380796e-05
256000000,1499,12992,3780000000,252798416.0,2492801024,2.2331252059039253,2.251399517059326,isoflop,2.4054962788318885,test,7.649988431793487e-06,6.57042047828213e-05
256000000,2740,28383,15100000000,252798416.0,9954485760,2.1143825454836582,2.116562366485596,isoflop,2.340161610551904,test,5.304181407052581e-07,9.992674397689066e-05
256000000,5014,62150,60500000000,252798416.0,39887372800,2.067328666968512,2.02454137802124,isoflop,2.303190149844155,test,2.041407989873839e-05,0.0001284519886619318
512000000,599,3952,944000000,519186432.0,303007744,2.5749698377928087,2.6404452323913574,isoflop,2.5726118687979227,mid,2.46097310031575e-05,2.5525877377985118e-05
512000000,1095,8654,3780000000,519186432.0,1212944640,2.2870425079088967,2.2939155101776123,isoflop,2.416557440203778,test,2.5006856202073884e-06,5.158379477678149e-05
512000000,2003,18908,15100000000,519186432.0,4847708672,2.0931695126239966,2.1188433170318604,isoflop,2.32857430824672,test,1.1690904164587346e-05,9.388586081340328e-05
512000000,3665,41399,60500000000,519186432.0,19421098880,1.9845389096303052,1.985023856163025,isoflop,2.278830996613564,test,2.9849177632887274e-08,0.000137531658411494
1024000000,1473,12693,15100000000,1051646976.0,2393188992,2.1425845928532645,2.162545919418335,isoflop,2.3351705353314625,test,8.773340055800493e-06,7.629872884562111e-05
1024000000,2695,27794,60500000000,1051646976.0,9587818240,1.964490488157947,1.973216772079468,isoflop,2.268611857402549,test,3.932172139696266e-06,0.0001390030375978059
2048000000,1099,8681,15100000000,2060953600.0,1221173632,2.2410844029311345,2.709017276763916,isoflop,2.359535661112082,test,0.00018912608344993893,0.00013762109471270506
2048000000,2011,19007,60500000000,2060953600.0,4892553856,2.005572071960924,2.1012773513793945,isoflop,2.271682790222373,test,4.6116079638766465e-05,7.747545175765452e-05
10000000,384,320000,940000000,10171392.0,15728640000,2.78921837458903,2.632584571838379,isotoken,2.683847647708409,test,5.729531354176026e-05,1.8785363785040087e-05
10000000,768,160000,940000000,10171392.0,15728640000,2.7850197996136155,2.6316826343536377,isotoken,2.683847647708409,test,5.613155619061167e-05,1.9128027809581173e-05
10000000,1536,80000,940000000,10171392.0,15728640000,2.783001003169395,2.637547016143799,isotoken,2.683847647708409,test,5.3180518337611896e-05,1.6902129680079814e-05
10000000,3072,40000,940000000,10171392.0,15728640000,2.7839692144801305,2.64854383468628,isotoken,2.683847647708409,test,4.936769176895267e-05,1.2741461724582293e-05
10000000,6144,20000,940000000,10171392.0,15728640000,2.7970266733104747,2.65970230102539,isotoken,2.683847647708409,test,4.9842750951539953e-05,8.537254726772637e-06
10000000,12288,10000,940000000,10171392.0,15728640000,2.8380228927095814,2.690234899520874,isotoken,2.683847647708409,test,5.297913215592326e-05,1.8770586937881256e-06
10000000,24576,5000,940000000,10171392.0,15728640000,2.932355396011535,2.748302698135376,isotoken,2.683847647708409,test,6.432246905298039e-05,2.323206610422074e-05
10000000,49152,2500,940000000,10171392.0,15728640000,3.0901534939442383,2.8607027530670166,isotoken,2.683847647708409,test,7.665345158785892e-05,6.331585815420555e-05
10000000,98304,1250,940000000,10171392.0,15728640000,3.319260667021487,3.063674211502075,isotoken,2.683847647708409,test,7.962714908658114e-05,0.00013186346403692346
10000000,196608,625,940000000,10171392.0,15728640000,3.626154748937184,3.3924367427825928,isotoken,2.683847647708409,test,6.61243226530625e-05,0.00023379701200832044
10000000,393216,313,950000000,10171392.0,15753805824,4.015981081248233,3.7987852096557617,isotoken,2.6838013499016813,test,5.5100337580042456e-05,0.0003469471302876576
10000000,192,160000,240000000,10171392.0,3932160000,2.797623794746338,2.68318772315979,isotoken,2.738032094369594,test,4.12648755158706e-05,1.9733911998176925e-05
10000000,384,80000,240000000,10171392.0,3932160000,2.7893611589889344,2.689140558242798,isotoken,2.738032094369594,test,3.609094685435571e-05,1.7517801139916358e-05
10000000,768,40000,240000000,10171392.0,3932160000,2.787319027861005,2.695758581161499,isotoken,2.738032094369594,test,3.290056994465535e-05,1.5059806633648643e-05
10000000,1536,20000,240000000,10171392.0,3932160000,2.798923895641466,2.6975772380828857,isotoken,2.738032094369594,test,3.63809693751353e-05,1.438539767738506e-05
10000000,3072,10000,240000000,10171392.0,3932160000,2.839178302622443,2.7222256660461426,isotoken,2.738032094369594,test,4.156487495474054e-05,5.2896433353750165e-06
10000000,6144,5000,240000000,10171392.0,3932160000,2.933100819903892,2.77849555015564,isotoken,2.738032094369594,test,5.365055152350146e-05,1.4170163581772532e-05
10000000,12288,2500,240000000,10171392.0,3932160000,3.090650610260343,2.8825876712799072,isotoken,2.738032094369594,test,6.919323451543042e-05,5.094893908605042e-05
10000000,24576,1250,240000000,10171392.0,3932160000,3.3195973365038016,3.078185796737671,isotoken,2.738032094369594,test,7.500309497958874e-05,0.00011660094778047342
10000000,49152,625,240000000,10171392.0,3932160000,3.62637322865856,3.419505834579468,isotoken,2.738032094369594,test,5.8236990449326676e-05,0.00022175659919418918
10000000,98304,312,240000000,10171392.0,3925868544,4.018125722619221,3.861030340194702,isotoken,2.7381143023144907,test,3.938148038419337e-05,0.00034316460272944456
10000000,196608,156,240000000,10171392.0,3925868544,4.500489299650561,4.370802879333496,isotoken,2.7381143023144907,test,2.87394066409003e-05,0.00046717724483995624
10000000,48,160000,59000000,10171392.0,983040000,2.8480390619427984,2.7705628871917725,isotoken,2.8340266239676604,train,2.708020109777104e-05,2.2148027780658886e-05
10000000,96,80000,59000000,10171392.0,983040000,2.814801607452432,2.7687368392944336,isotoken,2.8340266239676604,train,1.6000580683950884e-05,2.2807334210586727e-05
10000000,192,40000,59000000,10171392.0,983040000,2.800718239750302,2.775090217590332,isotoken,2.8340266239676604,train,8.692640970258514e-06,2.0515278195067656e-05
10000000,384,20000,59000000,10171392.0,983040000,2.806512774946833,2.78394103050232,isotoken,2.8340266239676604,train,7.575146628427676e-06,1.7330975032964603e-05
10000000,768,10000,59000000,10171392.0,983040000,2.8437999395476155,2.797574281692505,isotoken,2.8340266239676604,train,1.588845098728092e-05,1.2445821973114224e-05
10000000,1536,5000,59000000,10171392.0,983040000,2.9360825142209555,2.841461181640625,isotoken,2.8340266239676604,train,3.225779421528369e-05,2.1198847323952725e-06
10000000,3072,2500,59000000,10171392.0,983040000,3.0926390745507426,2.929311037063598,isotoken,2.8340266239676604,train,5.3757541388695654e-05,3.256871873672401e-05
10000000,6144,1250,59000000,10171392.0,983040000,3.3209440135833592,3.096064567565918,isotoken,2.8340266239676604,train,6.961727328483674e-05,8.793327495860276e-05
10000000,12288,625,59000000,10171392.0,983040000,3.627247146965104,3.433868408203125,isotoken,2.8340266239676604,train,5.4286557383401656e-05,0.00019148890576568207
10000000,24576,313,59000000,10171392.0,984612864,4.0167058881920665,3.847842216491699,isotoken,2.8338813110904746,train,4.244960798345216e-05,0.00030536526789022784
10000000,49152,156,59000000,10171392.0,981467136,4.500864080322856,4.409134864807129,isotoken,2.83417226563212,train,2.0090901759657054e-05,0.0004414285696795028
10000000,98304,78,59000000,10171392.0,981467136,5.081997786403081,4.8686137199401855,isotoken,2.83417226563212,train,4.239520984643325e-05,0.0005405593147219358
10000000,48,40000,15000000,10171392.0,245760000,2.8543144211542018,2.919383764266968,isotoken,3.004092948910961,train,2.2040872797643054e-05,2.8103120764310707e-05
10000000,96,20000,15000000,10171392.0,245760000,2.836868131859441,2.927408695220948,isotoken,3.004092948910961,train,3.091695414891688e-05,2.535804778665457e-05
10000000,192,10000,15000000,10171392.0,245760000,2.8622864436224065,2.939060926437378,isotoken,3.004092948910961,train,2.5969356301851655e-05,2.1385557586841963e-05
10000000,384,5000,15000000,10171392.0,245760000,2.9480092714487984,2.9785048961639404,isotoken,3.004092948910961,train,9.79134260237674e-06,8.054213217182304e-06
10000000,768,2500,15000000,10171392.0,245760000,3.1005929161270407,3.0484282970428467,isotoken,3.004092948910961,train,1.6467211114138124e-05,1.4150470217359102e-05
10000000,1536,1250,15000000,10171392.0,245760000,3.3263307083064726,3.179990291595459,isotoken,3.004092948910961,train,4.449166323842663e-05,5.640246869211846e-05
10000000,3072,625,15000000,10171392.0,245760000,3.630742810927482,3.46268081665039,isotoken,3.004092948910961,train,4.6894166886927545e-05,0.00014156741642733746
10000000,6144,313,15000000,10171392.0,246153216,4.0190252635998975,3.871474981307984,isotoken,3.003835508960024,train,3.6903834938366074e-05,0.0002532455914844446
10000000,12288,156,15000000,10171392.0,245366784,4.502363199073741,4.484762668609619,isotoken,3.0043509713497083,train,3.416836867527085e-06,0.0004001240156650627
10000000,24576,78,15000000,10171392.0,245366784,5.082905707995462,4.875792503356934,isotoken,3.0043509713497083,train,4.110043180073258e-05,0.00048372109428116046
10000000,48,10000,3700000,10171392.0,61440000,2.936231761549709,3.153156280517578,isotoken,3.3053867309714637,train,7.077689949755167e-05,4.664953537580513e-05
10000000,96,5000,3700000,10171392.0,61440000,2.99571597957841,3.183351516723633,isotoken,3.3053867309714637,train,6.025131658050914e-05,3.711890249973221e-05
10000000,192,2500,3700000,10171392.0,61440000,3.1324080330238804,3.2490904331207275,isotoken,3.3053867309714637,train,3.607304205328504e-05,1.6678389928167448e-05
10000000,384,1250,3700000,10171392.0,61440000,3.347877269666612,3.380913496017456,isotoken,3.3053867309714637,train,9.31944392417411e-06,2.209245770609031e-05
10000000,768,625,3700000,10171392.0,61440000,3.6447253185564974,3.574624538421631,isotoken,3.3053867309714637,train,1.89208577875028e-05,7.780666604508862e-05
10000000,1536,313,3700000,10171392.0,61538304,4.028302661424391,3.9669268131256095,isotoken,3.3049306438742843,train,1.48534189741249e-05,0.00018207620456836367
10000000,3072,156,3700000,10171392.0,61341696,4.508359611066018,4.439056873321533,isotoken,3.305843850018709,train,1.4991426787604512e-05,0.00029425017197799215
10000000,6144,78,3700000,10171392.0,61341696,5.086537364419291,4.838035106658936,isotoken,3.305843850018709,train,4.958864842421223e-05,0.0003803169026178547
10000000,12288,39,3700000,10171392.0,61341696,5.773714424143865,5.4544453620910645,isotoken,3.305843850018709,train,5.638468211653808e-05,0.0005002391729879457
10000000,24,5000,920000,10171392.0,15360000,3.186537670933072,3.5472400188446045,isotoken,3.8391663792268513,train,0.0001067348838854229,7.858541266088132e-05
10000000,48,2500,920000,10171392.0,15360000,3.2596645073025146,3.5741004943847656,isotoken,3.8391663792268513,train,9.158925631213849e-05,7.104171976488555e-05
10000000,96,1250,920000,10171392.0,15360000,3.4340600339510097,3.652743577957153,isotoken,3.8391663792268513,train,6.12353058846788e-05,4.9276703860113125e-05
10000000,192,625,920000,10171392.0,15360000,3.700652977526783,3.828984260559082,isotoken,3.8391663792268513,train,3.359027740686188e-05,2.155692390607589e-06
10000000,384,313,920000,10171392.0,15384576,4.065410591919644,4.116951942443848,isotoken,3.838358363845184,train,1.209832524328952e-05,6.956830398842068e-05
10000000,768,156,920000,10171392.0,15335424,4.532344250935797,4.496960163116455,isotoken,3.839976222837234,train,7.33765112571011e-06,0.00015743547459185286
10000000,1536,78,920000,10171392.0,15335424,5.101063511015499,4.911468982696533,isotoken,3.839976222837234,train,3.7375970689863924e-05,0.0002456069042614019
10000000,3072,39,920000,10171392.0,15335424,5.782191698935172,5.477995872497559,isotoken,3.839976222837234,train,5.3543480106437115e-05,0.00035477314276074296
